JD,Phase,Flux,col4
1282.8924, 0.69834184, 1.0154310,
1282.8928, 0.69843224, 1.0124665,
1282.9365, 0.70740839, 1.0615234,
1282.9924, 0.71889682, 1.0468971,
1282.9989, 0.72024574, 1.0120507,
1283.0255, 0.72570328, 1.0245230,
1283.0259, 0.72579131, 1.0333806,
1287.0334, 0.54953235, 1.0049881,
1287.0338, 0.54962038, 1.0061222,
1287.0395, 0.55078373, 1.0087491,
1287.0399, 0.55087414, 1.0075898,
1287.0455, 0.55201846, 1.0071070,
1287.0459, 0.55210886, 1.0033141,
1287.0515, 0.55325319, 1.0060328,
1287.0587, 0.55472582, 1.0107194,
1287.0651, 0.55604143, 1.0141056,
1287.0655, 0.55613184, 1.0097969,
1287.0711, 0.55728805, 1.0069189,
1287.0716, 0.55737846, 1.0089722,
1287.0778, 0.55866315, 1.0133715,
1287.0783, 0.55875355, 1.0114841,
1287.0839, 0.55991928, 1.0130055,
1287.0844, 0.56001207, 1.0144625,
1287.0899, 0.56115163, 1.0119686,
1287.0904, 0.56124203, 1.0057999,
1287.0960, 0.56238874, 1.0050324,
1287.0964, 0.56248152, 1.0078472,
1287.1036, 0.56395415, 1.0006962,
1287.1040, 0.56404931, 1.0067948,
1287.1096, 0.56519126, 1.0118680,
1287.1100, 0.56528404, 1.0130377,
1287.1157, 0.56645453, 1.0114919,
1287.1162, 0.56654494, 1.0096341,
1287.1218, 0.56769164, 1.0101534,
1287.1222, 0.56778680, 1.0136510,
1287.1279, 0.56894540, 1.0024763,
1287.1283, 0.56903342, 1.0051545,
1287.1339, 0.57018726, 0.99823314,
1287.1344, 0.57028004, 0.99934477,
1287.1567, 0.57488350, 1.0022693,
1289.1168, 0.97777787, 0.96338296,
1289.1173, 0.97787066, 0.96695399,
1289.1288, 0.98024495, 0.96157813,
1289.1293, 0.98033535, 0.95747042,
1289.1431, 0.98318307, 0.96274972,
1289.1436, 0.98327348, 0.95413101,
1289.1582, 0.98627822, 0.95188034,
1289.1586, 0.98636862, 0.96113235,
1289.8228, 0.12289750, 0.92652655,
1289.8233, 0.12298790, 0.93322664,
1289.8279, 0.12394666, 0.92966193,
1289.8284, 0.12403706, 0.92784977,
1289.8331, 0.12500058, 0.93425357,
1289.8335, 0.12509098, 0.94025797,
1289.8381, 0.12604498, 0.92525679,
1289.8386, 0.12613538, 0.93248415,
1289.8440, 0.12724164, 0.93091613,
1289.8444, 0.12732967, 0.93441129,
1289.8498, 0.12843593, 0.93450433,
1289.8502, 0.12852633, 0.94353282,
1289.8556, 0.12964210, 0.93616724,
1289.8561, 0.12973013, 0.93637198,
1289.8618, 0.13090538, 0.93148267,
1289.8622, 0.13099816, 0.93307668,
1289.8679, 0.13216865, 0.92947489,
1289.8684, 0.13225668, 0.93213993,
1289.8741, 0.13342955, 0.93803978,
1289.8745, 0.13352471, 0.93232656,
1289.8803, 0.13469996, 0.93550360,
1289.8807, 0.13479037, 0.93059993,
1289.8879, 0.13627489, 0.93187755,
1289.8884, 0.13636530, 0.93608063,
1289.8930, 0.13732405, 0.93349272,
1289.8935, 0.13741446, 0.93741620,
1289.8982, 0.13838749, 0.93643874,
1289.8987, 0.13848265, 0.93093055,
1289.9033, 0.13943665, 0.93695045,
1289.9037, 0.13952467, 0.93977934,
1289.9094, 0.14069041, 0.94248241,
1289.9098, 0.14078081, 0.93358684,
1289.9167, 0.14219873, 0.93792850,
1289.9224, 0.14336208, 0.93878406,
1289.9228, 0.14345248, 0.93652016,
1289.9309, 0.14511068, 0.93605781,
1289.9313, 0.14520109, 0.93907893,
1289.9370, 0.14636920, 0.93616098,
1289.9375, 0.14645960, 0.94157785,
1289.9422, 0.14742550, 0.94131356,
1289.9426, 0.14751590, 0.93607247,
1289.9473, 0.14848655, 0.93890649,
1289.9478, 0.14857934, 0.94085526,
1289.9524, 0.14953571, 0.93949687,
1289.9529, 0.14962612, 0.93778008,
1289.9586, 0.15079661, 0.94081610,
1289.9590, 0.15088225, 0.94234669,
1289.9647, 0.15205275, 0.94388121,
1289.9651, 0.15214791, 0.93975812,
1289.9724, 0.15364433, 0.94659203,
1289.9728, 0.15372998, 0.94295168,
1289.9785, 0.15489809, 0.94404930,
1289.9790, 0.15498849, 0.94663548,
1289.9846, 0.15615423, 0.94543576,
1289.9851, 0.15624225, 0.94118541,
1289.9907, 0.15740799, 0.95824772,
1289.9912, 0.15749601, 0.94600880,
1289.9957, 0.15843098, 0.94761872,
1289.9961, 0.15851900, 0.94648796,
1290.0014, 0.15960861, 0.94699371,
1290.0019, 0.15969901, 0.94990760,
1290.0064, 0.16063636, 0.94674343,
1290.0069, 0.16072676, 0.94381958,
1290.0141, 0.16220415, 0.95210439,
1290.0145, 0.16229693, 0.95351958,
1290.0202, 0.16346505, 0.95560658,
1290.0207, 0.16356021, 0.95431012,
1290.0263, 0.16472118, 0.95503026,
1290.0268, 0.16481635, 0.95534670,
1290.0323, 0.16596067, 0.95528430,
1290.0328, 0.16605107, 0.95771646,
1290.0384, 0.16720015, 0.95588380,
1290.0388, 0.16729294, 0.95588857,
1290.0444, 0.16844440, 0.95462233,
1290.0448, 0.16853242, 0.96158808,
1290.0511, 0.16981949, 0.95750201,
1290.0516, 0.16990989, 0.96212846,
1290.0578, 0.17120171, 0.96361363,
1290.0583, 0.17129212, 0.95826030,
1290.0639, 0.17244120, 0.96558875,
1290.0643, 0.17253160, 0.96363014,
1290.0707, 0.17384246, 0.96518874,
1290.0711, 0.17393286, 0.96768844,
1290.0767, 0.17507719, 0.96735674,
1290.0771, 0.17516759, 0.96377879,
1290.0828, 0.17633094, 0.97117054,
1290.0832, 0.17642135, 0.96804333,
1290.0888, 0.17756567, 0.96930003,
1290.0893, 0.17766321, 0.96718431,
1290.0963, 0.17911443, 0.96920455,
1290.0967, 0.17920008, 0.97561401,
1290.1025, 0.18037533, 0.96677625,
1290.1029, 0.18046573, 0.97206676,
1290.1086, 0.18163622, 0.97583926,
1290.1090, 0.18172663, 0.97409755,
1290.1146, 0.18287809, 0.96860862,
1290.1151, 0.18296611, 0.97218257,
1290.1207, 0.18411757, 0.97067940,
1290.1211, 0.18420798, 0.97800493,
1290.1268, 0.18537133, 0.97807181,
1290.1272, 0.18546174, 0.98096800,
1290.1335, 0.18674880, 0.97198921,
1290.1339, 0.18683683, 0.97561836,
1290.1399, 0.18807869, 0.97676057,
1290.1404, 0.18816909, 0.97703040,
1290.1450, 0.18910882, 0.97482187,
1290.1454, 0.18920398, 0.97553045,
1290.1500, 0.19013895, 0.98151952,
1290.1504, 0.19022697, 0.97380841,
1290.1550, 0.19116670, 0.98628378,
1290.1554, 0.19125710, 0.98518896,
1290.9348, 0.35145752, 1.0704827,
1290.9352, 0.35154792, 1.0774486,
1290.9399, 0.35250192, 1.0755315,
1290.9403, 0.35259232, 1.0763388,
1290.9449, 0.35354394, 1.0722225,
1290.9454, 0.35363435, 1.0701421,
1290.9500, 0.35458835, 1.0811225,
1290.9505, 0.35468113, 1.0745603,
1290.9562, 0.35585876, 1.0672667,
1290.9566, 0.35594916, 1.0777647,
1290.9624, 0.35713393, 1.0791662,
1290.9628, 0.35722195, 1.0683851,
1290.9701, 0.35872076, 1.0735961,
1290.9705, 0.35880878, 1.0735379,
1290.9762, 0.35998165, 1.0733294,
1290.9767, 0.36007681, 1.0726011,
1290.9824, 0.36124731, 1.0731742,
1290.9828, 0.36133771, 1.0775111,
1290.9874, 0.36228219, 1.0710065,
1290.9879, 0.36237260, 1.0836394,
1290.9924, 0.36330756, 1.0670027,
1290.9929, 0.36339559, 1.0722675,
1290.9982, 0.36448995, 1.0751706,
1291.0032, 0.36551532, 1.0718639,
1291.0036, 0.36560335, 1.0689299,
1291.0108, 0.36707598, 1.0761095,
1291.0112, 0.36716400, 1.0725319,
1291.0168, 0.36831784, 1.0723695,
1291.0172, 0.36840587, 1.0710307,
1291.0228, 0.36955257, 1.0681572,
1291.0233, 0.36964297, 1.0784873,
1291.0289, 0.37080633, 1.0743827,
1291.0294, 0.37090149, 1.0713265,
1291.0349, 0.37204581, 1.0766251,
1291.0354, 0.37213621, 1.0731293,
1291.0477, 0.37466990, 1.0608271,
1291.0481, 0.37476031, 1.0685389,
1291.0545, 0.37607116, 1.0734887,
1291.0550, 0.37616157, 1.0674682,
1291.0673, 0.37869525, 1.0744877,
1291.0677, 0.37878804, 1.0707233,
1291.0733, 0.37993474, 1.0734417,
1291.0738, 0.38002514, 1.0858247,
1291.0793, 0.38116946, 1.0921147,
1291.0798, 0.38125987, 1.0810258,
1291.0854, 0.38241133, 1.0853053,
1291.0858, 0.38250173, 1.0951205,
1291.0929, 0.38395771, 1.0685037,
1291.0933, 0.38404811, 1.0691904,
1291.0989, 0.38519244, 1.0696460,
1291.0993, 0.38528284, 1.0692440,
1291.1049, 0.38642954, 1.0706630,
1291.1053, 0.38651757, 1.0782412,
1291.1110, 0.38767141, 1.0689533,
1291.1114, 0.38775943, 1.0747888,
1291.1170, 0.38891089, 1.0680325,
1291.1174, 0.38900129, 1.0689422,
1291.1230, 0.39014562, 1.0738248,
1291.1234, 0.39023602, 1.0708096,
1291.1290, 0.39138748, 1.0713817,
1291.1295, 0.39147788, 1.0691109,
1291.1525, 0.39621695, 1.0722965,
1291.1530, 0.39630735, 1.0688597,
1291.1584, 0.39742551, 1.0670645,
1291.8631, 0.54226916, 0.99908334,
1291.8830, 0.54636827, 0.98976600,
1291.8881, 0.54741505, 1.0298542,
1291.8928, 0.54837618, 0.98059809,
1291.9176, 0.55346973, 0.94898152,
1291.9425, 0.55859896, 0.97773260,
1291.9476, 0.55964812, 0.99369115,
1291.9533, 0.56081861, 0.99418938,
1291.9538, 0.56090901, 0.98905587,
1291.9594, 0.56207475, 0.98092639,
1291.9599, 0.56216515, 0.97857434,
1291.9738, 0.56502953, 0.95552206,
1291.9795, 0.56619288, 0.99402505,
1291.9856, 0.56745378, 0.99098015,
1291.9860, 0.56754418, 0.98739022,
1291.9914, 0.56863617, 0.98899394,
1291.9918, 0.56872657, 0.99244916,
1292.0078, 0.57202393, 0.98407412,
1292.0083, 0.57211672, 0.99640501,
1292.0138, 0.57325628, 0.98685783,
1292.0143, 0.57334668, 0.99367708,
1292.0198, 0.57448625, 0.99287909,
1292.0202, 0.57457427, 0.99463058,
1292.0259, 0.57572811, 0.98748988,
1292.0263, 0.57582327, 0.99474430,
1292.0320, 0.57698187, 1.0147630,
1292.0324, 0.57707703, 0.99866724,
1292.0447, 0.57959883, 1.0022957,
1292.0451, 0.57969161, 1.0071341,
1292.0515, 0.58100484, 0.99521470,
1292.0520, 0.58109525, 1.0076483,
1292.0580, 0.58233473, 0.98980653,
1292.0643, 0.58362180, 0.97557026,
1292.0647, 0.58371220, 0.98825544,
1292.0703, 0.58486366, 0.99213707,
1292.0708, 0.58495882, 0.99458659,
1292.0764, 0.58611028, 0.98469746,
1292.0768, 0.58619831, 0.99248594,
1292.0823, 0.58733787, 0.99930567,
1292.0828, 0.58742828, 0.99730206,
1292.0899, 0.58889377, 1.0005865,
1292.0903, 0.58898417, 0.99385077,
1292.0959, 0.59013563, 0.99413711,
1292.0964, 0.59022366, 0.99643248,
1292.1020, 0.59137036, 0.98783070,
1292.1024, 0.59146552, 1.0085747,
1292.1081, 0.59262888, 0.99640864,
1292.1085, 0.59272404, 0.97534537,
1292.1141, 0.59386598, 0.99945480,
1292.1145, 0.59395877, 0.99357879,
1292.1201, 0.59510071, 1.0129902,
1292.1206, 0.59519349, 1.0123278,
1292.1261, 0.59634020, 0.98181808,
1292.1266, 0.59643060, 1.0040543,
1292.1344, 0.59804835, 1.0369732,
1292.1349, 0.59813876, 0.95992637,
1292.1400, 0.59918078, 0.97091067,
1292.1446, 0.60013240, 0.97189093,
1292.1450, 0.60022280, 0.99146277,
1292.1496, 0.60116491, 0.98454332,
1292.1500, 0.60125531, 1.0010771,
1292.1554, 0.60235443, 1.0032736,
1292.1558, 0.60244484, 0.99357843,
1292.8248, 0.73995626, 1.0499582,
1292.8253, 0.74004429, 1.0471904,
1292.8299, 0.74100542, 1.0422689,
1292.8304, 0.74109345, 1.0576143,
1292.8359, 0.74222587, 1.0520051,
1292.8363, 0.74231152, 1.0624170,
1292.8422, 0.74352484, 1.0498188,
1292.9142, 0.75831776, 1.0534197,
1292.9146, 0.75840579, 1.0539422,
1292.9224, 0.76001878, 1.0542301,
1292.9229, 0.76010919, 1.0598292,
1292.9285, 0.76127254, 1.0495328,
1292.9290, 0.76136295, 1.0537031,
1292.9336, 0.76231457, 1.0542990,
1292.9340, 0.76240497, 1.0571280,
1292.9387, 0.76336373, 1.0562935,
1292.9391, 0.76345413, 1.0578300,
1292.9438, 0.76442002, 1.0580938,
1292.9443, 0.76451043, 1.0568116,
1292.9489, 0.76546443, 1.0597780,
1292.9494, 0.76555483, 1.0567682,
1292.9550, 0.76672294, 1.0629345,
1292.9555, 0.76681335, 1.0471026,
1292.9629, 0.76832880, 1.0545986,
1292.9633, 0.76842634, 1.0598505,
1292.9690, 0.76959684, 1.0577798,
1292.9695, 0.76968486, 1.0569763,
1292.9752, 0.77085773, 1.0565979,
1292.9756, 0.77094576, 1.0553079,
1292.9813, 0.77211149, 1.0609186,
1292.9817, 0.77219952, 1.0615615,
1292.9862, 0.77313448, 1.0545911,
1292.9920, 0.77431211, 1.0579481,
1292.9924, 0.77440252, 1.0562780,
1292.9970, 0.77533986, 1.0556201,
1292.9974, 0.77543026, 1.0564284,
1293.0046, 0.77691479, 1.0629438,
1293.0051, 0.77700995, 1.0586329,
1293.0107, 0.77815666, 1.0618587,
1293.0111, 0.77824706, 1.0625159,
1293.0167, 0.77939138, 1.0588527,
1293.0171, 0.77948179, 1.0621483,
1293.0227, 0.78061897, 1.0580127,
1293.0231, 0.78070938, 1.0608282,
1293.0347, 0.78308842, 1.0627885,
1293.0351, 0.78317883, 1.0613323,
1293.0407, 0.78433029, 1.0561274,
1293.0411, 0.78442069, 1.0542396,
1293.0544, 0.78715184, 1.0603017,
1293.0549, 0.78724224, 1.0608062,
1293.0732, 0.79101542, 1.0613933,
1293.0737, 0.79110582, 1.0553950,
1293.0792, 0.79225014, 1.0584100,
1293.0797, 0.79234055, 1.0674144,
1293.0929, 0.79505028, 1.0589774,
1293.0933, 0.79514069, 1.0710880,
1293.0989, 0.79628501, 1.0667164,
1293.1049, 0.79751736, 1.0678419,
1293.1053, 0.79760776, 1.0619243,
1293.1109, 0.79875922, 1.0628027,
1293.1113, 0.79884963, 1.0562292,
1293.1169, 0.79999633, 1.0686159,
1293.1174, 0.80008911, 1.0664234,
1293.1229, 0.80123105, 1.0701356,
1293.1234, 0.80132622, 1.0726804,
1293.1312, 0.80293921, 1.0764705,
1293.1317, 0.80303199, 1.0605994,
1293.1363, 0.80397410, 1.0663327,
1293.1367, 0.80406926, 1.0649338,
1293.1413, 0.80501136, 1.0856385,
1293.1418, 0.80510177, 1.0644767,
1293.1464, 0.80605339, 1.0697938,
1293.1468, 0.80614379, 1.0672932,
1293.1521, 0.80723577, 1.0681245,
1293.1526, 0.80732618, 1.0579735,
1293.1572, 0.80827304, 1.0852628,
1293.1576, 0.80836344, 1.0475225,
1293.8073, 0.94189472, 1.0003144,
1293.8077, 0.94198512, 0.98093230,
1293.9807, 0.97754239, 0.95452696,
1293.9864, 0.97872240, 0.94285560,
1294.0025, 0.98202928, 0.95434672,
1294.0030, 0.98212444, 0.95009661,
1294.0086, 0.98327114, 0.95466256,
1294.0090, 0.98336631, 0.96011150,
1294.0327, 0.98823384, 0.94263846,
1294.0394, 0.98961845, 0.94210136,
1294.0399, 0.98971361, 0.94806480,
1294.0463, 0.99103160, 0.93719822,
1294.0467, 0.99112201, 0.94552416,
1294.0524, 0.99227823, 0.94115204,
1294.0528, 0.99237339, 0.94824481,
1294.0591, 0.99366759, 0.94838941,
1294.0596, 0.99375561, 0.94017696,
1294.0656, 0.99499272, 0.94802755,
1294.0772, 0.99737891, 0.94707245,
1294.0776, 0.99747169, 0.94940668,
1294.0847, 0.99893005, 0.94197857,
1294.0852, 0.99902045, 0.94675577,
1294.0908, 0.00017904785, 0.94680762,
1294.0912, 0.00026945172, 0.94598836,
1294.0968, 0.0014090163, 0.94858509,
1294.0972, 0.0015017992, 0.93889284,
1294.1028, 0.0026437429, 0.94599748,
1294.1032, 0.0027317677, 0.94562936,
1294.1088, 0.0038760904, 0.94509310,
1294.1092, 0.0039617362, 0.93096125,
1294.1148, 0.0051060589, 0.93063849,
1294.1152, 0.0051940837, 0.95137501,
1294.1208, 0.0063407854, 0.93164843,
1294.1212, 0.0064311893, 0.94545382,
1294.1291, 0.0080489428, 0.93977034,
1294.1295, 0.0081393467, 0.93441778,
1294.1341, 0.0090790711, 0.93924379,
1294.1346, 0.0091742331, 0.93591303,
1294.1392, 0.010121095, 0.94225019,
1294.1396, 0.010216257, 0.93879473,
1294.1443, 0.011177393, 0.94280326,
1294.1448, 0.011267796, 0.94783098,
1294.1502, 0.012381191, 0.94012904,
1294.1506, 0.012471595, 0.94002312,
1294.8059, 0.14715909, 0.94650394,
1294.8063, 0.14724949, 0.95220125,
1294.8182, 0.14968564, 0.94605726,
1294.8186, 0.14977604, 0.95385021,
1294.8223, 0.15053258, 0.94812524,
1294.8227, 0.15062061, 0.94691104,
1294.8364, 0.15343502, 0.95044082,
1294.8409, 0.15435096, 0.95182955,
1294.8461, 0.15541915, 0.95376635,
1294.8465, 0.15550955, 0.96140081,
1294.9019, 0.16689568, 0.97392774,
1294.9860, 0.18417710, 1.0020043,
1294.9910, 0.18521436, 0.98682582,
1295.0152, 0.19019133, 1.0005778,
1295.0157, 0.19028174, 0.97739953,
1295.0212, 0.19142606, 0.95953190,
1295.0217, 0.19151646, 0.99547184,
1295.0272, 0.19266079, 0.98201078,
1295.0277, 0.19275119, 0.98192757,
1295.0333, 0.19390027, 0.98692089,
1295.0337, 0.19398592, 0.99487466,
1295.0408, 0.19545617, 0.98755640,
1295.0413, 0.19554657, 0.99321282,
1295.0469, 0.19669803, 1.0057068,
1295.0473, 0.19678844, 1.0275892,
1295.0597, 0.19934116, 0.99700016,
1295.0602, 0.19943156, 0.99914974,
1295.0658, 0.20058064, 0.98934001,
1295.0662, 0.20067104, 0.99267018,
1295.8034, 0.35221172, 1.0782884,
1295.8039, 0.35230213, 1.0851656,
1295.8075, 0.35304915, 1.0816069,
1295.8080, 0.35313955, 1.0821664,
1295.8116, 0.35389609, 1.0812963,
1295.8121, 0.35398412, 1.0862755,
1295.8158, 0.35474065, 1.0890677,
1295.8162, 0.35482868, 1.0896465,
1295.8198, 0.35558284, 1.0798628,
1295.8203, 0.35567324, 1.0850685,
1295.8239, 0.35642264, 1.0756829,
1295.8244, 0.35651780, 1.0794617,
1295.8288, 0.35741946, 1.0827429,
1295.8292, 0.35750987, 1.0836877,
1295.8336, 0.35841866, 1.0859780,
1295.8341, 0.35850907, 1.0851737,
1295.8385, 0.35941549, 1.0682514,
1295.8389, 0.35950589, 1.0745311,
1295.8436, 0.36046702, 1.0874245,
1295.8441, 0.36056219, 1.0774086,
1295.8487, 0.36152094, 1.0911024,
1295.8492, 0.36161611, 1.0805237,
1295.8641, 0.36467080, 1.0801684,
1295.8645, 0.36476359, 1.0686347,
1295.8759, 0.36709506, 1.0875328,
1295.8763, 0.36718308, 1.0796496,
1295.8809, 0.36813708, 1.0793140,
1295.8814, 0.36822748, 1.0753500,
1295.8922, 0.37044714, 1.0784363,
1295.8926, 0.37053516, 1.0680130,
1295.8991, 0.37186505, 1.0647731,
1295.8995, 0.37195545, 1.0627697,
1295.9052, 0.37312119, 1.0759537,
1295.9056, 0.37321159, 1.0809255,
1295.9136, 0.37485314, 1.0786457,
1295.9197, 0.37611403, 1.0693635,
1295.9202, 0.37620444, 1.0740610,
1295.9299, 0.37820760, 1.0657887,
1295.9304, 0.37829800, 1.0717655,
1295.9723, 0.38691492, 1.0192804,
1295.9830, 0.38912267, 1.0898348,
1295.9834, 0.38920832, 1.0730299,
1295.9884, 0.39023607, 1.0966147,
1295.9942, 0.39142083, 1.0944798,
1296.0066, 0.39396642, 1.0482055,
1296.0071, 0.39406396, 1.0538404,
1296.0127, 0.39522731, 1.0444678,
1296.0188, 0.39647631, 1.0716950,
1296.0192, 0.39656672, 1.0397724,
1296.0248, 0.39771580, 1.0537041,
1296.0253, 0.39780620, 1.0779016,
1296.0308, 0.39895053, 1.0518095,
1296.0383, 0.40049453, 1.0638711,
1296.0388, 0.40058731, 1.0626525,
1296.0444, 0.40172926, 1.0644102,
1296.0448, 0.40181728, 1.0746846,
1296.0504, 0.40298064, 1.0713705,
1296.0509, 0.40307104, 1.0682746,
1296.0572, 0.40436524, 1.0855675,
1296.0576, 0.40445802, 1.0590544,
1296.0692, 0.40684421, 1.0393950,
1296.0697, 0.40693461, 1.0597367,
1296.0760, 0.40822882, 1.0664353,
1296.0764, 0.40831922, 1.0650245,
1296.0828, 0.40962770, 1.0455689,
1296.0832, 0.40971810, 1.0965482,
1296.0888, 0.41086243, 1.0664289,
1296.0892, 0.41095283, 1.0782050,
1296.1068, 0.41457374, 1.0799742,
1296.1073, 0.41466890, 1.0684735,
1298.7943, 0.96698184, 0.95700258,
1298.7948, 0.96707700, 0.97874492,
1298.7974, 0.96761467, 0.96299249,
1298.7978, 0.96770507, 0.96792924,
1298.8005, 0.96824987, 0.97316271,
1298.8009, 0.96834266, 0.99399704,
1298.8036, 0.96888746, 0.95335054,
1298.8040, 0.96898262, 0.92142671,
1298.8067, 0.96953456, 0.97373140,
1298.8072, 0.96962497, 0.97616291,
1298.8098, 0.97016739, 0.96602511,
1298.8102, 0.97025779, 0.98318970,
1298.8129, 0.97080259, 0.94730246,
1298.8133, 0.97089062, 0.96728367,
1298.8159, 0.97142828, 0.95596504,
1298.8164, 0.97151869, 0.98138344,
1298.8198, 0.97222051, 0.97083187,
1298.8202, 0.97231091, 0.96926260,
1298.8229, 0.97285334, 0.95746773,
1298.8233, 0.97294374, 0.96839088,
1298.8260, 0.97348854, 0.96430027,
1298.8264, 0.97358370, 0.96177709,
1298.8308, 0.97448536, 0.96651065,
1298.8312, 0.97457577, 0.96508330,
1298.8349, 0.97532517, 0.96621841,
1298.8353, 0.97541319, 0.95884401,
1298.8390, 0.97616259, 0.96007389,
1298.8394, 0.97625300, 0.96738070,
1298.8431, 0.97700240, 0.96020430,
1298.8435, 0.97709518, 0.96634549,
1298.8472, 0.97784458, 0.96263534,
1298.8476, 0.97793498, 0.95847881,
1298.8512, 0.97868438, 0.95670187,
1298.8517, 0.97877479, 0.95846504,
1298.8554, 0.97953371, 0.95997840,
1298.8558, 0.97962411, 0.95527595,
1298.8602, 0.98052101, 0.96033198,
1298.8606, 0.98061379, 0.96009821,
1298.8643, 0.98136319, 0.95945990,
1298.8647, 0.98145360, 0.96014261,
1298.8684, 0.98220776, 0.95609540,
1298.8688, 0.98229816, 0.94837940,
1298.8725, 0.98304518, 0.97169405,
1298.8729, 0.98313559, 0.92607272,
1298.8765, 0.98388023, 0.95734334,
1298.8770, 0.98397301, 0.95912987,
1298.8806, 0.98472479, 0.95620173,
1298.8811, 0.98481282, 0.96085054,
1298.8866, 0.98595952, 0.95575553,
1298.8871, 0.98605230, 0.96003288,
1298.8918, 0.98701344, 0.95417738,
1298.8922, 0.98710146, 0.95633191,
1298.8969, 0.98806973, 0.94995373,
1298.8973, 0.98815776, 0.95656037,
1298.9028, 0.98927829, 0.95141381,
1298.9032, 0.98936870, 0.95811528,
1298.9087, 0.99050112, 0.95115131,
1298.9092, 0.99059153, 0.94941354,
1298.9138, 0.99155028, 0.95342016,
1298.9143, 0.99164069, 0.95227027,
1298.9190, 0.99261848, 0.95066822,
1298.9195, 0.99270888, 0.95031685,
1298.9241, 0.99366764, 0.94015861,
1298.9246, 0.99375804, 0.94000435,
1298.9292, 0.99471204, 0.94824952,
1298.9297, 0.99480482, 0.94981873,
1298.9353, 0.99596580, 0.95665330,
1298.9358, 0.99605858, 0.93953180,
1298.9418, 0.99730758, 0.96913660,
1298.9490, 0.99878021, 0.94128275,
1298.9494, 0.99887062, 0.94546223,
1298.9551, 3.3972893e-05, 0.94561189,
1298.9555, 0.00012199772, 0.94177145,
1298.9612, 0.0012877318, 0.95098138,
1298.9616, 0.0013757567, 0.93834877,
1298.9662, 0.0023178602, 0.94090652,
1298.9666, 0.0024058850, 0.94071043,
1298.9712, 0.0033408514, 0.93615508,
1298.9716, 0.0034312552, 0.94603896,
1298.9769, 0.0045184807, 0.94641280,
1298.9774, 0.0046088846, 0.94076180,
1298.9819, 0.0055462300, 0.93722874,
1298.9823, 0.0056318758, 0.93785858,
1298.9895, 0.0071092654, 0.94576222,
1298.9900, 0.0071996692, 0.94365555,
1298.9955, 0.0083439919, 0.94035590,
1298.9960, 0.0084343958, 0.93922144,
1299.0016, 0.0095858556, 0.93775254,
1299.0020, 0.0096738805, 0.94275868,
1299.0077, 0.010839615, 0.94170707,
1299.0081, 0.010927639, 0.94330311,
1299.0137, 0.012074341, 0.94656450,
1299.0141, 0.012162366, 0.94038242,
1299.0197, 0.013306689, 0.93993258,
1299.0201, 0.013397093, 0.93541831,
1299.0265, 0.014703191, 0.94068193,
1299.0269, 0.014791215, 0.93436944,
1299.0332, 0.016090176, 0.93620545,
1299.0336, 0.016175822, 0.93399382,
1299.0393, 0.017339177, 0.93941635,
1299.0397, 0.017429581, 0.94046718,
1299.0461, 0.018733300, 0.93730766,
1299.0465, 0.018823704, 0.93522251,
1299.0521, 0.019968027, 0.93716097,
1299.0525, 0.020058430, 0.93303347,
1299.0581, 0.021202753, 0.93339342,
1299.0585, 0.021288399, 0.93688619,
1299.0641, 0.022437480, 0.93518418,
1299.0645, 0.022527884, 0.93867230,
1299.0716, 0.023981483, 0.93941820,
1299.0720, 0.024071887, 0.93353486,
1299.0776, 0.025218588, 0.93562496,
1299.0781, 0.025313750, 0.93269348,
1299.0837, 0.026458073, 0.93028367,
1299.0841, 0.026548477, 0.93231046,
1299.0897, 0.027707074, 0.93326628,
1299.0902, 0.027797478, 0.93303472,
1299.0958, 0.028948938, 0.93271136,
1299.0962, 0.029036962, 0.93196040,
1299.1018, 0.030195559, 0.93380344,
1299.1023, 0.030283584, 0.93224412,
1299.1086, 0.031575408, 0.93062687,
1299.1090, 0.031665812, 0.92985505,
1299.1160, 0.033112274, 0.92439133,
1299.1165, 0.033202678, 0.92807841,
1299.1210, 0.034142402, 0.92591417,
1299.1215, 0.034232806, 0.92983824,
1299.1261, 0.035179668, 0.92991030,
1299.1265, 0.035270071, 0.92322391,
1299.1311, 0.036209796, 0.93199646,
1299.1315, 0.036297821, 0.93889129,
1299.1369, 0.037399320, 0.92678475,
1299.1373, 0.037489724, 0.92805833,
1323.7337, 0.093269148, 0.92363274,
1323.7341, 0.093359552, 0.92722785,
1323.7368, 0.093901975, 0.92431122,
1323.7372, 0.093992379, 0.92462850,
1323.7582, 0.098303217, 0.93383992,
1323.7586, 0.098393620, 0.92556298,
1323.7630, 0.099288143, 0.92951345,
1323.7634, 0.099378547, 0.93421334,
1323.7671, 0.10013271, 0.92396140,
1323.7712, 0.10097013, 0.92899573,
1323.7716, 0.10106053, 0.93402582,
1323.7753, 0.10181469, 0.92477977,
1323.7757, 0.10190510, 0.92255819,
1323.7978, 0.10644908, 0.92912835,
1324.7489, 0.30194032, 1.0598955,
1324.7493, 0.30203072, 1.0595202,
1324.7559, 0.30337964, 1.0667539,
1324.7563, 0.30347480, 1.0620240,
1324.7608, 0.30438360, 1.0596956,
1324.7612, 0.30447400, 1.0552849,
1324.7648, 0.30522103, 1.0650504,
1324.7653, 0.30531143, 1.0693864,
1324.7689, 0.30606083, 1.0617231,
1324.7694, 0.30614885, 1.0601599,
1324.7852, 0.30941291, 1.0613333,
1324.7857, 0.30950331, 1.0603466,
1324.7952, 0.31145889, 1.0651771,
1324.7956, 0.31154930, 1.0629221,
1324.8126, 0.31502985, 1.0688128,
1324.8130, 0.31511787, 1.0610106,
1324.9611, 0.34556018, 1.0652974,
1324.9615, 0.34565059, 1.0674558,
1325.0537, 0.36459258, 1.0652730,
1325.7299, 0.50358139, 1.0094805,
1325.7392, 0.50550604, 1.0023688,
1325.7397, 0.50559645, 1.0087582,
1325.7423, 0.50613887, 0.98804706,
1325.7427, 0.50622690, 0.97529870,
1325.7463, 0.50695726, 0.98919177,
1325.7467, 0.50705243, 1.0144514,
1325.7525, 0.50822530, 0.93296993,
1325.7572, 0.50921022, 0.99509883,
1325.7577, 0.50930063, 0.98353410,
1325.7614, 0.51005479, 0.99789858,
1325.7618, 0.51014281, 0.99964464,
1325.7654, 0.51088745, 1.0174351,
1325.7659, 0.51098024, 1.0009452,
1325.7696, 0.51174153, 1.0036057,
1325.7700, 0.51183194, 1.0006248,
1325.7736, 0.51257420, 0.99980050,
1325.7741, 0.51266460, 0.99570900,
1325.7777, 0.51341876, 0.99448192,
1325.7782, 0.51350917, 0.99512076,
1325.7818, 0.51425619, 0.99219787,
1325.7822, 0.51434659, 0.99398553,
1325.7866, 0.51524825, 0.99748099,
1325.7871, 0.51533866, 0.99365783,
1325.7915, 0.51625935, 0.99800527,
1325.7920, 0.51634975, 0.99659884,
1325.7956, 0.51710391, 0.99795479,
1325.7961, 0.51719431, 0.99527848,
1325.7997, 0.51794371, 0.99521428,
1325.8002, 0.51803174, 0.99361032,
1325.8038, 0.51878114, 0.99082506,
1325.8042, 0.51887154, 0.99537915,
1325.8089, 0.51983506, 0.99510640,
1325.8094, 0.51992784, 0.99578261,
1325.8148, 0.52104362, 0.99420166,
1325.8153, 0.52113402, 0.99147969,
1325.8199, 0.52208802, 0.99375540,
1325.8204, 0.52218318, 0.99112457,
1325.8250, 0.52313718, 0.99517775,
1325.8254, 0.52322758, 0.99284428,
1325.8324, 0.52465501, 0.99054527,
1325.8328, 0.52474542, 0.98637992,
1325.8376, 0.52572083, 0.98936325,
1325.8380, 0.52581123, 0.99090916,
1325.8427, 0.52676523, 0.99070895,
1325.8431, 0.52685563, 0.99136859,
1325.8478, 0.52783342, 0.99537110,
1325.8483, 0.52792383, 0.99145925,
1325.8530, 0.52888258, 0.98536837,
1325.8534, 0.52897299, 0.99140322,
1325.8581, 0.52993174, 0.99350929,
1325.8585, 0.53002215, 0.99570727,
1325.8642, 0.53119264, 0.99397129,
1325.8646, 0.53128066, 0.99152136,
1325.8711, 0.53261769, 0.99569285,
1325.8716, 0.53270809, 0.99678397,
1325.8780, 0.53403798, 0.99512291,
1325.8785, 0.53412839, 0.99542844,
1325.8841, 0.53529412, 0.99500698,
1325.8846, 0.53538452, 1.0007191,
1325.8903, 0.53656215, 0.99207318,
1325.8908, 0.53665494, 0.99668491,
1325.8953, 0.53759704, 0.99271291,
1325.8958, 0.53768744, 1.0015187,
1325.9011, 0.53878181, 1.0039839,
1325.9015, 0.53886983, 0.99914992,
1325.9061, 0.53981194, 1.0037121,
1325.9066, 0.53990472, 0.99820077,
1325.9139, 0.54140352, 1.0053718,
1325.9143, 0.54149392, 1.0071111,
1325.9199, 0.54263825, 1.0062020,
1325.9203, 0.54272865, 1.0069118,
1325.9259, 0.54387773, 0.99788558,
1325.9263, 0.54396813, 1.0039841,
1325.9319, 0.54511246, 1.0055745,
1325.9323, 0.54519810, 1.0080283,
1325.9379, 0.54634243, 1.0034578,
1325.9383, 0.54643283, 1.0027902,
1325.9439, 0.54758429, 1.0072039,
1325.9444, 0.54767945, 1.0071446,
1325.9500, 0.54883091, 1.0105735,
1325.9504, 0.54892131, 1.0054666,
1325.9576, 0.55039157, 1.0039457,
1325.9580, 0.55048197, 1.0044777,
1325.9646, 0.55183327, 1.0090940,
1325.9651, 0.55192843, 1.0070632,
1325.9725, 0.55344865, 1.0043521,
1325.9729, 0.55353905, 1.0055615,
1325.9795, 0.55489035, 1.0077858,
1325.9799, 0.55498551, 1.0046350,
1325.9866, 0.55634395, 1.0061786,
1325.9870, 0.55643911, 1.0091031,
1325.9943, 0.55794267, 1.0130589,
1325.9948, 0.55803069, 1.0187728,
1326.0021, 0.55953663, 1.0093601,
1326.0025, 0.55963179, 1.0129845,
1326.0092, 0.56099499, 1.0029601,
1326.0096, 0.56108777, 1.0061582,
1326.7210, 0.70730652, 1.0255089,
1326.7214, 0.70739930, 1.0246166,
1326.7241, 0.70793697, 1.0161407,
1326.7245, 0.70802737, 1.0199648,
1326.7271, 0.70856741, 1.0329993,
1326.7276, 0.70866020, 1.0291171,
1326.7302, 0.70919310, 1.0353051,
1326.7306, 0.70928113, 1.0320953,
1326.7332, 0.70982117, 1.0323075,
1326.7336, 0.70990920, 1.0213101,
1326.7363, 0.71045876, 1.0258098,
1326.7368, 0.71054916, 1.0345864,
1326.7394, 0.71109159, 1.0247161,
1326.7398, 0.71118199, 1.0280402,
1326.7434, 0.71191712, 1.0349520,
1326.7438, 0.71200276, 1.0262694,
1326.7464, 0.71254043, 1.0386665,
1326.7469, 0.71263321, 1.0353338,
1326.7495, 0.71317325, 1.0308678,
1326.7500, 0.71326128, 1.0295264,
1326.7543, 0.71416294, 1.0356570,
1326.7548, 0.71424858, 1.0321870,
1326.7584, 0.71500036, 1.0261930,
1326.7588, 0.71508601, 1.0310696,
1326.7625, 0.71583541, 1.0322723,
1326.7629, 0.71592819, 1.0339360,
1326.7666, 0.71667759, 1.0323535,
1326.7670, 0.71676800, 1.0277746,
1326.7706, 0.71751502, 1.0294584,
1326.7711, 0.71760542, 1.0391341,
1326.7747, 0.71835482, 1.0392271,
1326.7752, 0.71844285, 1.0219193,
1326.7788, 0.71919939, 1.0346918,
1326.7793, 0.71928979, 1.0286750,
1326.7829, 0.72004157, 1.0290468,
1326.7834, 0.72013197, 1.0289408,
1326.7877, 0.72102174, 1.0338987,
1326.7881, 0.72111214, 1.0330038,
1326.7918, 0.72186154, 1.0289021,
1326.7922, 0.72194957, 1.0276927,
1326.7959, 0.72270610, 1.0296409,
1326.7964, 0.72280127, 1.0298773,
1326.8000, 0.72355067, 1.0357975,
1326.8005, 0.72364345, 1.0447952,
1326.8051, 0.72459745, 1.0328124,
1326.8055, 0.72468785, 1.0316448,
1326.8111, 0.72582742, 1.0431243,
1326.8115, 0.72591782, 1.0333321,
1326.8162, 0.72688134, 1.0323975,
1326.8167, 0.72697174, 1.0333071,
1326.8214, 0.72794477, 1.0341129,
1326.8218, 0.72803280, 1.0286968,
1326.8288, 0.72946260, 1.0346262,
1326.8292, 0.72955063, 1.0347198,
1326.8339, 0.73052366, 1.0362839,
1326.8344, 0.73061169, 1.0331681,
1326.8391, 0.73158947, 1.0362046,
1326.8396, 0.73167988, 1.0407363,
1326.8443, 0.73264577, 1.0354351,
1326.8447, 0.73273618, 1.0348991,
1326.8494, 0.73369731, 1.0341023,
1326.8498, 0.73378772, 1.0336293,
1326.8545, 0.73474647, 1.0352122,
1326.8549, 0.73483450, 1.0368606,
1326.8606, 0.73600499, 1.0307621,
1326.8678, 0.73748952, 1.0401980,
1326.8748, 0.73892408, 1.0381843,
1326.8805, 0.74009458, 1.0386927,
1326.8867, 0.74136261, 1.0373967,
1327.7241, 0.91348682, 1.0040674,
1327.7245, 0.91357723, 1.0089518,
1327.7260, 0.91388888, 1.0051305,
1327.7264, 0.91397929, 1.0038743,
1327.7280, 0.91428856, 1.0064205,
1327.7284, 0.91437659, 1.0082144,
1327.7299, 0.91468348, 1.0110840,
1327.7303, 0.91477865, 1.0210375,
1327.7319, 0.91509268, 1.0072423,
1327.7323, 0.91518308, 1.0087180,
1327.7339, 0.91550188, 1.0061833,
1327.7343, 0.91559228, 1.0042864,
1327.7359, 0.91591345, 1.0072802,
1327.7363, 0.91600386, 1.0033511,
1327.7387, 0.91650821, 1.0086893,
1327.7392, 0.91659624, 1.0040051,
1327.7407, 0.91691027, 1.0085144,
1327.7411, 0.91700068, 1.0169024,
1327.7426, 0.91730758, 1.0045705,
1327.7431, 0.91739798, 1.0084610,
1327.7446, 0.91771201, 0.99922115,
1327.7451, 0.91780480, 1.0106422,
1327.7466, 0.91811407, 1.0000774,
1327.7470, 0.91820210, 1.0046500,
1327.7503, 0.91888013, 1.0066391,
1327.7507, 0.91897053, 1.0055286,
1327.7533, 0.91948916, 1.0116765,
1327.7537, 0.91957957, 1.0065553,
1327.7562, 0.92010296, 1.0076616,
1327.7567, 0.92019098, 1.0051464,
1327.7592, 0.92070962, 0.99829453,
1327.7596, 0.92080002, 1.0105765,
1327.7622, 0.92131865, 1.0038545,
1327.7626, 0.92140906, 1.0037485,
1327.7651, 0.92193245, 1.0105593,
1327.7656, 0.92202285, 1.0044423,
1327.7681, 0.92254148, 1.0057642,
1327.7685, 0.92262951, 1.0111058,
1327.7711, 0.92315290, 1.0032763,
1327.7715, 0.92324330, 1.0052062,
1327.7740, 0.92376194, 1.0004369,
1327.7745, 0.92385234, 0.99703068,
1327.7770, 0.92437097, 0.99946874,
1327.7774, 0.92445900, 0.99658650,
1327.7800, 0.92497763, 1.0010759,
1327.7804, 0.92506803, 0.99983341,
1327.7829, 0.92558429, 0.99883580,
1327.7833, 0.92567469, 0.99580443,
1327.7859, 0.92619332, 0.99935997,
1327.7863, 0.92627897, 0.99715441,
1327.7888, 0.92679522, 1.0018090,
1327.7892, 0.92688563, 0.99296677,
1327.7918, 0.92740426, 1.0030710,
1327.7922, 0.92749704, 0.99684620,
1327.7947, 0.92801568, 0.99695528,
1327.7952, 0.92810608, 0.99502897,
1327.7977, 0.92862471, 0.99195260,
1327.7981, 0.92871512, 0.99139130,
1327.8017, 0.92944311, 0.99452186,
1327.8021, 0.92953351, 0.99372447,
1327.8057, 0.93026388, 0.98959905,
1327.8061, 0.93035428, 0.99702603,
1327.8104, 0.93124167, 0.98868161,
1327.8109, 0.93133207, 0.99176461,
1327.8144, 0.93206720, 0.99638259,
1327.8149, 0.93216236, 0.99393326,
1327.8184, 0.93289035, 0.99333525,
1327.8189, 0.93297599, 0.99079663,
1327.8232, 0.93385862, 0.99227726,
1327.8236, 0.93394903, 0.99290609,
1327.8280, 0.93485544, 0.99010915,
1327.8284, 0.93494585, 0.99147904,
1327.8320, 0.93567621, 0.99220163,
1327.8324, 0.93576424, 0.98438931,
1327.8360, 0.93649937, 0.98903406,
1327.8364, 0.93658977, 0.99209124,
1327.8400, 0.93731776, 0.98967010,
1327.8404, 0.93740816, 0.99093425,
1327.8439, 0.93813139, 0.98700041,
1327.8444, 0.93822180, 0.99034357,
1327.8479, 0.93895217, 0.98654938,
1327.8484, 0.93904257, 0.98644608,
1327.8519, 0.93977056, 0.98399085,
1327.8524, 0.93986096, 0.98595047,
1327.8569, 0.94079831, 0.98658019,
1327.8573, 0.94088395, 0.98649973,
1327.8628, 0.94200211, 0.98025119,
1327.8632, 0.94209251, 0.98702860,
1327.8839, 0.94634625, 0.98647016,
1327.8844, 0.94643665, 0.98713350,
1327.8889, 0.94737162, 0.98383206,
1327.8893, 0.94746202, 0.98937452,
1327.8946, 0.94853973, 0.98317963,
1327.8950, 0.94862538, 0.98023242,
1327.8995, 0.94956035, 0.97988313,
1327.9000, 0.94964837, 0.98075545,
1327.9053, 0.95074749, 0.98118842,
1327.9058, 0.95084027, 0.97602272,
1327.9122, 0.95216778, 0.97387350,
1327.9127, 0.95225819, 0.97551239,
1327.9183, 0.95341679, 0.97821933,
1327.9188, 0.95350719, 0.98052484,
1327.9243, 0.95464675, 0.97629106,
1327.9247, 0.95473954, 0.98155159,
1327.9303, 0.95587910, 0.98040432,
1327.9307, 0.95596950, 0.98035008,
1327.9363, 0.95711383, 0.96941924,
1327.9367, 0.95720423, 0.97153813,
1327.9424, 0.95836283, 0.97386712,
1327.9428, 0.95845085, 0.96934032,
1327.9500, 0.95993062, 0.97451401,
1327.9504, 0.96001865, 0.97141045,
1327.9570, 0.96137470, 0.96431375,
1327.9575, 0.96146511, 0.96238118,
1327.9648, 0.96298056, 0.97060883,
1327.9653, 0.96307097, 0.96765172,
1327.9719, 0.96442702, 0.97308499,
1327.9723, 0.96451743, 0.97460961,
1327.9789, 0.96586635, 0.96652097,
1327.9793, 0.96596151, 0.96558177,
1327.9859, 0.96731757, 0.96722746,
1327.9864, 0.96740559, 0.96836674,
1327.9945, 0.96907569, 0.96742839,
1327.9949, 0.96916133, 0.96736008,
1328.0016, 0.97053404, 0.95636052,
1328.0020, 0.97062445, 0.96377897,
1328.0096, 0.97218510, 0.97107607,
1328.0101, 0.97227551, 0.96513844,
1328.0177, 0.97384806, 0.96563113,
1328.0181, 0.97393846, 0.96491063,
1328.0257, 0.97549912, 0.96388268,
1328.0262, 0.97558952, 0.96743208,
1328.0362, 0.97765454, 0.95892429,
1328.0367, 0.97774494, 0.95455170,
1328.0433, 0.97910814, 0.95974392,
1328.0437, 0.97919854, 0.95974904,
1328.0503, 0.98055222, 0.95418799,
1328.0508, 0.98064262, 0.96264976,
1328.0583, 0.98218425, 0.94877189,
1328.0587, 0.98227465, 0.95033699,
1328.7945, 0.13351557, 0.93859100,
1328.7950, 0.13361073, 0.94330478,
1328.8029, 0.13524276, 0.94057924,
1335.7254, 0.55816402, 0.95756793,
1335.7258, 0.55825204, 0.96916080,
1335.7281, 0.55872547, 0.95894367,
1335.7286, 0.55881587, 0.97194386,
1335.7301, 0.55913467, 0.94938916,
1335.7325, 0.55962237, 0.96083671,
1335.7340, 0.55993403, 0.95888162,
1335.7345, 0.56002443, 0.95849711,
1335.7359, 0.56033133, 0.95363444,
1336.7258, 0.76378762, 1.0536170,
1336.7262, 0.76387803, 1.0575911,
1336.7277, 0.76418968, 1.0587567,
1336.7282, 0.76428008, 1.0682497,
1336.7456, 0.76786531, 1.0190725,
1336.7460, 0.76795572, 1.0598330,
1336.8922, 0.79800549, 1.0605340,
1336.8927, 0.79809589, 1.0655495,
1336.8942, 0.79840279, 1.0586516,
1336.8946, 0.79849319, 1.0606083,
1336.8983, 0.79924259, 1.0570569,
1336.8987, 0.79933062, 1.0496393,
1336.9023, 0.80008002, 1.0527816,
1336.9028, 0.80017042, 1.0495150,
1336.9064, 0.80092220, 1.0493966,
1336.9069, 0.80101260, 1.0550485,
1336.9105, 0.80176201, 1.0465103,
1336.9109, 0.80185241, 1.0316386,
1336.9187, 0.80345113, 1.0425453,
1337.7262, 0.96942550, 0.96220052,
1337.7266, 0.96951591, 0.96862239,
1337.7281, 0.96982280, 0.96324492,
1337.7286, 0.96991321, 0.95762807,
1337.7311, 0.97043898, 0.96206093,
1337.7316, 0.97053176, 0.96009153,
1337.7341, 0.97105277, 0.96599531,
1337.7345, 0.97114080, 0.96870643,
1337.7371, 0.97165943, 0.95287442,
1337.7375, 0.97174983, 0.95100254,
1337.7400, 0.97226609, 0.96056682,
1337.7405, 0.97235649, 0.96199876,
1337.7430, 0.97287512, 0.96603727,
1337.7434, 0.97296553, 0.96122026,
1337.7459, 0.97348416, 0.96706027,
1337.7464, 0.97357218, 0.96022427,
1337.7489, 0.97409558, 0.96612430,
1337.7493, 0.97418122, 0.96337801,
1337.7527, 0.97487828, 0.95372361,
1337.7532, 0.97496869, 0.95835644,
1337.7566, 0.97567051, 0.95707709,
1337.7570, 0.97576567, 0.95809078,
1337.7596, 0.97629857, 0.95664215,
1337.7601, 0.97638660, 0.95988262,
1337.7626, 0.97690523, 0.96730512,
1337.7630, 0.97699088, 0.95401818,
1337.7655, 0.97751427, 0.96505839,
1337.7660, 0.97760229, 0.93144202,
1337.7685, 0.97812093, 0.96442020,
1337.7689, 0.97821133, 0.95532906,
1337.7715, 0.97872996, 0.95789480,
1337.7719, 0.97882037, 0.94037801,
1337.7754, 0.97954836, 0.98003417,
1337.7759, 0.97963876, 0.96235609,
1337.7802, 0.98052139, 0.96316147,
1337.7806, 0.98061179, 0.95678574,
1337.7842, 0.98134454, 0.94908631,
1337.7846, 0.98143018, 0.95033693,
1337.7882, 0.98217245, 0.96097374,
1337.7886, 0.98226285, 0.93884563,
1337.7986, 0.98430170, 0.93839675,
1337.8025, 0.98511533, 0.93316489,
1337.8030, 0.98520574, 0.94814807,
1337.8070, 0.98603602, 0.92008591,
1337.8105, 0.98676401, 0.94391543,
1337.8110, 0.98685442, 0.93865091,
1337.8329, 0.99136509, 0.94083732,
1337.8392, 0.99264502, 0.94923890,
1337.8396, 0.99273543, 0.94621360,
1337.8442, 0.99368229, 0.94275624,
1337.8446, 0.99377031, 0.94528282,
1337.8492, 0.99470528, 0.95101261,
1337.8496, 0.99479568, 0.93660665,
1337.8542, 0.99572827, 0.94602567,
1337.8546, 0.99581867, 0.93746728,
1337.8592, 0.99676316, 0.94024199,
1337.8699, 0.99897091, 0.93357778,
1337.8704, 0.99906132, 0.92871070,
1337.8876, 0.0025989644, 0.92871588,
1337.8880, 0.0026917473, 0.94888586,
1337.8936, 0.0038432071, 0.92497504,
1338.7281, 0.17536552, 0.96938646,
1338.7306, 0.17588891, 0.97763228,
1338.7311, 0.17597932, 0.95970565,
1338.7336, 0.17649795, 0.97211230,
1338.7341, 0.17659073, 0.97100210,
1338.7366, 0.17710936, 0.98176193,
1338.7370, 0.17719977, 0.99465096,
1338.7396, 0.17772554, 0.97083044,
1338.7400, 0.17781356, 0.97302550,
1338.8928, 0.20922653, 1.0038373,
1338.9044, 0.21161034, 1.0091898,
1338.9049, 0.21170074, 0.99785697,
1340.8859, 0.61890357, 0.98778862,
1340.8915, 0.62006217, 0.98318338,
1340.8920, 0.62015733, 0.97689676,
1340.8977, 0.62132782, 0.98410958,
1340.8982, 0.62142298, 0.97904170,
1340.9038, 0.62259110, 0.98414999,
1340.9043, 0.62268150, 0.97927821,
1340.9107, 0.62400663, 0.97809732,
1340.9112, 0.62409703, 0.97570246,
1340.9176, 0.62541265, 0.98114759,
1340.9180, 0.62550305, 0.97789425,
1340.9247, 0.62687100, 0.97556424,
1340.9251, 0.62696141, 0.98386812,
1340.9325, 0.62848876, 0.98497999,
1340.9330, 0.62857916, 0.97672307,
1340.9699, 0.63616595, 0.98904598,
1340.9703, 0.63625873, 0.98880786,
1340.9780, 0.63783842, 0.98726863,
1340.9785, 0.63793358, 0.99054384,
1340.9863, 0.63953944, 0.99094021,
1340.9868, 0.63963460, 0.98241067,
1341.7650, 0.79959712, 0.98257273,
1341.7654, 0.79968752, 0.98112965,
1342.7848, 0.0092294217, 0.94571579,
1342.7889, 0.010066847, 0.94800788,
1343.7275, 0.20300298, 0.92863905,
1343.7280, 0.20309339, 0.92432910,
1343.7329, 0.20410210, 0.93456173,
1344.7336, 0.40980660, 1.0355257,
1344.7341, 0.40989700, 1.0372984,
1345.7955, 0.62807247, 0.98022890,
1345.7991, 0.62880046, 0.97913271,
1345.7995, 0.62888849, 0.97698301,
1345.8040, 0.62982345, 0.98363870,
1345.8045, 0.62991861, 0.98397368,
1346.7591, 0.82614022, 1.0522600,
1346.7595, 0.82623062, 1.0506177,
1346.7632, 0.82698240, 1.0524007,
1346.7636, 0.82706805, 1.0527693,
1346.7672, 0.82780317, 1.0484660,
1346.7676, 0.82789120, 1.0514802,
1346.7736, 0.82912592, 1.0489975,
1346.7741, 0.82921633, 1.0457386,
1346.7776, 0.82994194, 1.0459403,
1346.7781, 0.83003472, 1.0475861,
1346.7896, 0.83240187, 1.0470958,
1346.7900, 0.83249228, 1.0401306,
1347.7406, 0.027876457, 0.92547631,
1347.7410, 0.027966861, 0.92639554,
1347.7436, 0.028497389, 0.92616993,
1347.7440, 0.028587793, 0.92221040,
1347.7476, 0.029325298, 0.92755681,
1347.7481, 0.029420460, 0.92375284,
1347.7525, 0.030329257, 0.92516083,
1347.7530, 0.030424419, 0.91876292,
1348.7451, 0.23435890, 1.0238861,
1348.7455, 0.23444930, 1.0234417,
1348.7499, 0.23534383, 1.0230007,
1348.7503, 0.23542947, 1.0217079,
1348.7538, 0.23615746, 1.0243955,
1348.7543, 0.23624786, 1.0237005,
1348.7579, 0.23698299, 1.0204656,
1348.7583, 0.23707339, 1.0165987,
1348.7635, 0.23814159, 1.0193526,
1348.7639, 0.23823199, 1.0251784,
1348.7683, 0.23912651, 1.0235258,
1348.7687, 0.23921692, 1.0234241,
1348.7723, 0.23995680, 1.0226518,
1348.7728, 0.24004721, 1.0256438,
1348.7763, 0.24077757, 1.0212516,
1348.7768, 0.24086798, 1.0238563,
1348.7804, 0.24160786, 1.0253726,
1348.7808, 0.24170302, 1.0225565,
1348.7844, 0.24244053, 1.0209668,
1348.7849, 0.24253569, 1.0274639,
1348.7885, 0.24327320, 1.0230942,
1348.7889, 0.24336360, 1.0253694,
1348.7925, 0.24410824, 1.0201076,
1348.7930, 0.24420103, 1.0238924,
1348.7976, 0.24515265, 1.0269502,
1348.7981, 0.24524781, 1.0274992,
1348.8027, 0.24620419, 1.0263216,
1348.8032, 0.24629935, 1.0243237,
1348.8094, 0.24757690, 1.0300310,
1348.8098, 0.24766730, 1.0274631,
1348.8145, 0.24862606, 1.0269307,
1348.8150, 0.24872122, 1.0274838,
1348.8195, 0.24966332, 1.0272431,
1348.8200, 0.24975373, 1.0275168,
1348.8246, 0.25070535, 1.0302453,
1348.8251, 0.25079575, 1.0320323,
1348.8296, 0.25173072, 1.0284175,
1348.8300, 0.25181874, 1.0330580,
1348.8354, 0.25292500, 1.0325272,
1348.8359, 0.25301540, 1.0333776,
1348.8404, 0.25395751, 1.0298196,
1348.8409, 0.25404791, 1.0310980,
1348.8462, 0.25513989, 1.0332738,
1348.8466, 0.25523030, 1.0326531,
1348.8532, 0.25657208, 1.0323935,
1348.8536, 0.25666249, 1.0325609,
1348.8592, 0.25782108, 1.0361176,
1348.8597, 0.25791625, 1.0334237,
1348.8653, 0.25906771, 1.0353706,
1348.8657, 0.25915811, 1.0340309,
1348.8714, 0.26032146, 1.0332129,
1348.8718, 0.26041187, 1.0361170,
1348.8774, 0.26156333, 1.0349573,
1348.8779, 0.26165849, 1.0355672,
1348.8836, 0.26282898, 1.0380405,
1348.8840, 0.26291939, 1.0367733,
1348.8913, 0.26441343, 1.0371064,
1348.8918, 0.26450859, 1.0411615,
1348.8974, 0.26566243, 1.0339630,
1348.8978, 0.26575759, 1.0377712,
1348.9045, 0.26712079, 1.0401367,
1348.9049, 0.26721595, 1.0373232,
1348.9123, 0.26873854, 1.0400532,
1348.9128, 0.26882894, 1.0385140,
1348.9195, 0.27019928, 1.0474888,
1348.9199, 0.27028968, 1.0411304,
1348.9266, 0.27166239, 1.0354398,
1348.9270, 0.27175280, 1.0392648,
1348.9353, 0.27344668, 1.0374211,
1348.9357, 0.27353708, 1.0396130,
1348.9423, 0.27490028, 1.0399082,
1348.9428, 0.27499068, 1.0383632,
1348.9494, 0.27635388, 1.0399407,
1348.9499, 0.27644904, 1.0459820,
1348.9575, 0.27801445, 1.0416491,
1348.9579, 0.27810010, 1.0429474,
1348.9657, 0.27969882, 1.0400668,
1348.9661, 0.27978922, 1.0463737,
1348.9753, 0.28167581, 1.0450785,
1348.9757, 0.28176621, 1.0420010,
1348.9832, 0.28330784, 1.0479519,
1348.9837, 0.28339824, 1.0552351,
1348.9903, 0.28475906, 1.0416747,
1348.9907, 0.28484946, 1.0528520,
1348.9981, 0.28636016, 1.0496569,
1348.9985, 0.28644818, 1.0519599,
1349.7304, 0.43689212, 1.0266179,
1349.7309, 0.43698728, 1.0179359,
1349.7324, 0.43730608, 1.0366281,
1349.7329, 0.43740362, 1.0267011,
1349.7355, 0.43793414, 1.0253302,
1349.7359, 0.43802455, 1.0460646,
1349.7385, 0.43855270, 1.0290247,
1349.7389, 0.43864310, 1.0307268,
1349.7426, 0.43939250, 1.0349430,
1349.7430, 0.43948766, 1.0238892,
1349.7474, 0.44037743, 1.0244812,
1349.7478, 0.44046783, 1.0301541,
1351.7296, 0.84782054, 1.0374180,
1351.7301, 0.84791808, 1.0338020,
1354.7539, 0.46947325, 1.0046594,
1354.7544, 0.46956365, 1.0061382,
1354.7579, 0.47029402, 1.0058259,
1354.7584, 0.47038680, 1.0041002,
1354.7619, 0.47111241, 1.0107323,
1354.7624, 0.47120757, 1.0059717,
1354.7659, 0.47194270, 1.0007322,
1354.7664, 0.47203310, 1.0066383,
1354.7700, 0.47277537, 0.99935949,
1354.7704, 0.47286577, 1.0020300,
1354.7740, 0.47359376, 1.0029908,
1354.7744, 0.47368416, 1.0045648,
1354.7791, 0.47465006, 0.99985182,
1354.7795, 0.47474046, 1.0004359,
1354.7842, 0.47570398, 1.0007315,
1354.7847, 0.47580152, 0.99827725,
1354.7902, 0.47692681, 0.99741071,
1354.7906, 0.47701721, 0.99729288,
1354.8117, 0.48134232, 1.0024363,
1355.7502, 0.67425943, 1.0076675,
1355.7506, 0.67434983, 1.0061436,
1355.7542, 0.67508496, 1.0102204,
1355.7546, 0.67517060, 1.0064991,
1355.7582, 0.67591049, 1.0084436,
1355.7587, 0.67600565, 1.0060887,
1355.7622, 0.67673126, 1.0036988,
1355.7627, 0.67682642, 1.0055423,
1355.7663, 0.67756631, 1.0044768,
1355.7667, 0.67765671, 1.0086108,
1355.7703, 0.67839897, 1.0049552,
1355.7708, 0.67848462, 1.0096354,
1355.7753, 0.67942434, 1.0102245,
1355.7758, 0.67951951, 1.0107336,
1355.7805, 0.68047826, 1.0127827,
1355.7809, 0.68056867, 1.0051712,
1355.7855, 0.68150363, 1.0065173,
1355.7859, 0.68159404, 1.0090851,
1355.7914, 0.68271933, 1.0114843,
1355.7918, 0.68280973, 1.0148245,
1355.7965, 0.68377325, 1.0122559,
1355.7969, 0.68386365, 1.0131292,
1355.8016, 0.68482241, 1.0079392,
1355.8021, 0.68491757, 1.0110389,
1355.8067, 0.68586681, 1.0084445,
1355.8071, 0.68595483, 1.0145706,
1355.8118, 0.68691359, 1.0138214,
1355.8122, 0.68700399, 1.0090156,
1355.8176, 0.68810549, 1.0189152,
1355.8180, 0.68820066, 1.0121273,
1355.8227, 0.68915466, 1.0125271,
1355.8231, 0.68924506, 1.0127331,
1355.8303, 0.69072959, 1.0173281,
1355.8308, 0.69081999, 1.0153147,
1355.8364, 0.69198097, 1.0119565,
1355.8369, 0.69207137, 1.0133834,
1355.8425, 0.69323235, 1.0109384,
1355.8430, 0.69332275, 1.0160108,
1355.8487, 0.69449562, 1.0141052,
1355.8491, 0.69458602, 1.0137020,
1355.8548, 0.69574938, 1.0176660,
1355.8552, 0.69583740, 1.0224103,
1355.8609, 0.69700314, 1.0142664,
1355.8613, 0.69709116, 1.0167000,
1355.8677, 0.69841629, 1.0220975,
1355.8682, 0.69850670, 1.0182081,
1355.8747, 0.69984848, 1.0172460,
1355.8752, 0.69994364, 1.0183791,
1355.8818, 0.70131636, 1.0200851,
1355.8823, 0.70140914, 1.0244702,
1355.8896, 0.70291983, 1.0187399,
1355.8901, 0.70301024, 1.0212997,
1355.8968, 0.70438533, 1.0211322,
1355.8972, 0.70447573, 1.0224688,
1355.9038, 0.70583179, 1.0233229,
1355.9042, 0.70592219, 1.0228053,
1355.9118, 0.70748285, 1.0256690,
1355.9123, 0.70757325, 1.0262206,
1355.9196, 0.70908157, 1.0235333,
1355.9201, 0.70917198, 1.0286846,
1355.9267, 0.71054231, 1.0286243,
1355.9272, 0.71063509, 1.0292674,
1355.9348, 0.71220526, 1.0336969,
1355.9353, 0.71229805, 1.0294756,
1355.9430, 0.71388725, 1.0328864,
1355.9435, 0.71398241, 1.0249981,
1355.9518, 0.71570247, 1.0307159,
1355.9523, 0.71579287, 1.0312266,
1355.9605, 0.71747486, 1.0351838,
1355.9609, 0.71756526, 1.0340348,
1355.9677, 0.71895463, 1.0358741,
1355.9681, 0.71904265, 1.0309016,
1355.9747, 0.72040109, 1.0373576,
1355.9751, 0.72049387, 1.0328705,
1355.9837, 0.72225437, 1.0390321,
1355.9841, 0.72234477, 1.0402402,
1356.7512, 0.88001388, 1.0307890,
1356.7516, 0.88010429, 1.0300910,
1356.7553, 0.88084655, 1.0271566,
1356.7557, 0.88093695, 1.0332427,
1356.7593, 0.88167684, 1.0242329,
1356.7597, 0.88176724, 1.0260218,
1356.7633, 0.88250237, 1.0321090,
1356.7638, 0.88259277, 1.0271293,
1356.7673, 0.88332552, 1.0302733,
1356.7678, 0.88341592, 1.0368990,
1356.7724, 0.88437468, 1.0327126,
1356.7729, 0.88446508, 1.0283297,
1356.7775, 0.88540957, 1.0371668,
1356.7779, 0.88549997, 1.0280817,
1356.7825, 0.88644921, 1.0327480,
1356.7830, 0.88654437, 1.0302093,
1356.7885, 0.88768394, 1.0274330,
1356.7890, 0.88777910, 1.0349727,
1356.7936, 0.88871882, 1.0294645,
1356.7940, 0.88880923, 1.0318162,
1356.7985, 0.88974419, 1.0217314,
1356.7990, 0.88983936, 1.0251671,
1356.8036, 0.89077908, 1.0270395,
1356.8040, 0.89086948, 1.0266769,
1356.8086, 0.89181635, 1.0288820,
1356.8091, 0.89190675, 1.0233244,
1356.8144, 0.89301063, 1.0276058,
1356.8149, 0.89310103, 1.0285485,
1356.8195, 0.89405979, 1.0281721,
1356.8200, 0.89415019, 1.0288833,
1356.8256, 0.89530165, 1.0243657,
1356.8260, 0.89538730, 1.0271651,
1356.8324, 0.89670291, 1.0219527,
1356.8329, 0.89679807, 1.0227606,
1356.8385, 0.89795191, 1.0291882,
1356.8389, 0.89803994, 1.0274875,
1356.8445, 0.89919853, 1.0288118,
1356.8450, 0.89928894, 1.0259993,
1356.8507, 0.90045943, 1.0272459,
1356.8511, 0.90054983, 1.0219170,
1356.8567, 0.90170129, 1.0238798,
1356.8572, 0.90179408, 1.0291684,
1356.8628, 0.90295505, 1.0218480,
1356.8632, 0.90304308, 1.0193583,
1356.8705, 0.90452761, 1.0199931,
1356.8709, 0.90461801, 1.0175208,
1356.8777, 0.90601213, 1.0133816,
1356.8781, 0.90610254, 1.0193170,
1356.8856, 0.90764178, 1.0130512,
1356.8861, 0.90773218, 1.0118607,
1356.8928, 0.90912631, 1.0131152,
1356.8933, 0.90921671, 1.0149984,
1356.8999, 0.91058466, 1.0162748,
1356.9004, 0.91067745, 1.0207806,
1356.9078, 0.91220480, 1.0113698,
1356.9083, 0.91229520, 1.0074786,
1356.9156, 0.91381303, 1.0111420,
1356.9161, 0.91390582, 1.0142263,
1356.9227, 0.91526663, 1.0079913,
1356.9232, 0.91536417, 1.0129262,
1356.9309, 0.91695576, 1.0044940,
1356.9314, 0.91705092, 1.0096484,
1356.9391, 0.91863775, 1.0146135,
1356.9395, 0.91872815, 1.0089124,
1356.9480, 0.92046961, 1.0130973,
1356.9485, 0.92056002, 1.0000000,
1356.9567, 0.92226104, 1.0061767,
1356.9572, 0.92235144, 1.0006528,
1356.9640, 0.92375032, 1.0058023,
1356.9644, 0.92384073, 1.0090302,
1356.9712, 0.92522771, 0.98579466,
1356.9716, 0.92531812, 0.99826962,
1356.9801, 0.92705958, 0.99766219,
1356.9805, 0.92714761, 0.99647534,
1357.7345, 0.082137906, 0.92065138,
1357.7350, 0.082233068, 0.90539980,
1357.7450, 0.084286188, 0.92289299,
1357.7455, 0.084381350, 0.91976833,
1357.7491, 0.085123613, 0.92374820,
1357.7495, 0.085218775, 0.90950042,
1357.7531, 0.085963417, 0.93243313,
1357.7536, 0.086051442, 0.92511714,
1357.7572, 0.086788948, 0.92601311,
1357.7576, 0.086884110, 0.92635751,
1357.7612, 0.087619236, 0.92756194,
1357.7616, 0.087709640, 0.92681849,
1357.7706, 0.089551024, 0.92002004,
1357.7752, 0.090490748, 0.93144077,
1357.7756, 0.090576394, 0.93862200,
1357.7802, 0.091523256, 0.92235237,
1357.7806, 0.091611280, 0.92787826,
1357.7852, 0.092558142, 0.92869198,
1357.7857, 0.092648546, 0.92046082,
1357.7902, 0.093588270, 0.94719630,
1357.7953, 0.094625536, 0.93428075,
1357.7957, 0.094715940, 0.93592685,
1357.8003, 0.095662801, 0.93832219,
1357.8008, 0.095753205, 0.94045562,
1357.8053, 0.096685792, 0.93666178,
1357.8058, 0.096776196, 0.94196606,
1357.8111, 0.097880075, 0.93935215,
1357.8116, 0.097970479, 0.94399673,
1357.8162, 0.098924478, 0.93641627,
1357.8166, 0.099014882, 0.93306059,
1357.8222, 0.10016396, 0.93732721,
1357.8227, 0.10025675, 0.93605995,
1357.8291, 0.10158188, 0.94369853,
1357.8296, 0.10167466, 0.94203585,
1357.8351, 0.10281660, 0.94428557,
1357.8356, 0.10291176, 0.94327801,
1357.8413, 0.10408464, 0.94321591,
1357.8417, 0.10417504, 0.95161724,
1357.8474, 0.10533364, 0.93642879,
1357.8478, 0.10542880, 0.94531167,
1357.8535, 0.10658502, 0.93718755,
1357.8539, 0.10667780, 0.94620967,
1357.8596, 0.10784591, 0.94609749,
1357.8600, 0.10793632, 0.94498807,
1357.8663, 0.10923052, 0.93889439,
1357.8668, 0.10931854, 0.93412381,
1357.8735, 0.11070791, 0.94357997,
1357.8740, 0.11080307, 0.94893861,
1357.8815, 0.11233994, 0.94106638,
1357.8819, 0.11243272, 0.94941568,
1357.8886, 0.11379829, 0.94203782,
1357.8890, 0.11388632, 0.94740438,
1357.8956, 0.11525427, 0.93142807,
1357.8961, 0.11534468, 0.94422513,
1357.9027, 0.11670311, 0.95014066,
1357.9031, 0.11679352, 0.95042443,
1357.9113, 0.11847313, 0.95808709,
1357.9118, 0.11856829, 0.96169966,
1357.9184, 0.11992197, 0.95384336,
1357.9188, 0.12001713, 0.95314562,
1357.9265, 0.12160158, 0.94865614,
1357.9348, 0.12329784, 0.94688177,
1357.9352, 0.12338824, 0.94867021,
1357.9429, 0.12497269, 0.95823270,
1357.9434, 0.12506309, 0.98289144,
1357.9523, 0.12690210, 0.94778085,
1357.9528, 0.12699726, 0.96102870,
1363.7388, 0.31631729, 1.0360841,
1363.7413, 0.31683592, 1.0473899,
1363.7418, 0.31693108, 1.0465692,
1363.7443, 0.31744496, 1.0422065,
1363.7448, 0.31753774, 1.0532933,
1363.7473, 0.31805875, 1.0493816,
1363.7477, 0.31814678, 1.0418700,
1363.7503, 0.31867255, 1.0512106,
1363.7507, 0.31876057, 1.0470639,
1363.7533, 0.31928634, 1.0444608,
1363.7537, 0.31937674, 1.0491475,
1363.7562, 0.31989538, 1.0452603,
1363.7567, 0.31999054, 1.0454184,
1363.7592, 0.32050679, 1.0453402,
1363.7596, 0.32059720, 1.0517519,
1363.7630, 0.32128236, 1.0383855,
1363.7667, 0.32204366, 1.0481256,
1363.7671, 0.32213406, 1.0434027,
1363.7727, 0.32327363, 1.0396684,
1363.7731, 0.32336641, 1.0434775,
1363.7757, 0.32389694, 1.0463704,
1363.7761, 0.32398258, 1.0419235,
1363.8042, 0.32975892, 1.0393741,
1363.8047, 0.32984932, 1.0479273,
1364.8717, 0.54918577, 0.94940686,
1364.8722, 0.54927617, 0.95398366,
1364.8769, 0.55024682, 0.96363688,
1364.8773, 0.55033960, 0.94785202,
1364.8820, 0.55130550, 0.95711362,
1364.8825, 0.55139828, 0.95220619,
1364.8887, 0.55266631, 0.95016342,
1364.8891, 0.55275672, 0.94233763,
1364.8938, 0.55372261, 0.95499718,
1364.8942, 0.55381302, 0.96556872,
1364.8989, 0.55477653, 0.94585133,
1364.8994, 0.55486694, 0.97013688,
1364.9041, 0.55583997, 0.94246972,
1364.9295, 0.56106198, 0.96409470,
1364.9299, 0.56115000, 0.95382160,
1364.9355, 0.56229433, 0.94388521,
1364.9360, 0.56238949, 0.94538021,
1364.9407, 0.56335776, 0.95131367,
1364.9411, 0.56344579, 0.95360518,
1364.9458, 0.56441882, 0.97242618,
1364.9463, 0.56450922, 0.93209487,
1364.9510, 0.56548701, 0.96079814,
1365.7364, 0.72691026, 1.0531352,
1365.7368, 0.72700066, 1.0410841,
1365.7383, 0.72730756, 1.0553362,
1365.7387, 0.72739797, 1.0540844,
1365.7423, 0.72812596, 1.0567447,
1365.7427, 0.72821636, 1.0392779,
1365.7473, 0.72915133, 1.0496212,
1365.7477, 0.72923935, 1.0472460,
1365.7738, 0.73460649, 1.0350510,
1365.7742, 0.73469689, 1.0483276,
1365.7788, 0.73563661, 1.0399692,
1365.7792, 0.73572702, 1.0458087,
1365.7839, 0.73667388, 1.0442231,
1365.7843, 0.73676904, 1.0378492,
1365.7897, 0.73788244, 1.0465045,
1365.7902, 0.73797284, 1.0473416,
1365.8334, 0.74686097, 1.0481035,
1365.8339, 0.74695137, 1.0441468,
1365.8403, 0.74826937, 1.0476551,
1365.8407, 0.74836453, 1.0522981,
1365.8471, 0.74967776, 1.0347006,
1365.8476, 0.74976817, 1.0339864,
1366.7539, 0.93605962, 0.98604441,
1366.7543, 0.93615240, 0.98861861,
1366.7598, 0.93728721, 0.98484635,
1366.7603, 0.93738237, 0.98447686,
1366.7649, 0.93833637, 0.98393643,
1366.7654, 0.93842439, 0.98394674,
1366.7700, 0.93937125, 0.98172277,
1366.7704, 0.93946166, 0.98357296,
1366.7750, 0.94039900, 0.97405654,
1366.7754, 0.94048941, 0.97543824,
1366.7800, 0.94142437, 0.98259866,
1366.7858, 0.94261866, 0.98178285,
1366.7862, 0.94270906, 0.98438251,
1367.7604, 0.14295839, 0.96252006,
1367.7609, 0.14305356, 0.96069402,
1367.7655, 0.14400042, 0.96224314,
1367.7659, 0.14409082, 0.95624584,
1367.7705, 0.14503768, 0.96475732,
1367.7710, 0.14513285, 0.95894301,
1367.7756, 0.14607971, 0.95731544,
1367.7761, 0.14617011, 0.96205753,
1367.7814, 0.14727875, 0.95714456,
1367.7819, 0.14737391, 0.96382987,
1367.7865, 0.14832077, 0.96254981,
1367.7869, 0.14840880, 0.95952427,
1367.7915, 0.14934376, 0.96707809,
1367.7919, 0.14943179, 0.96106857,
1367.7981, 0.15069982, 0.96707934,
1367.7986, 0.15079498, 0.96038890,
1367.8042, 0.15196547, 0.96116298,
1367.8047, 0.15205588, 0.96930581,
1367.8104, 0.15323351, 0.96752793,
1367.8109, 0.15332867, 0.96744853,
1367.8166, 0.15449440, 0.96296024,
1367.8170, 0.15458243, 0.96297377,
1367.8230, 0.15581953, 0.96718556,
1367.8286, 0.15698051, 0.96312279,
1367.8291, 0.15707091, 0.96146899,
1367.8423, 0.15978541, 0.96723211,
1367.8427, 0.15987581, 0.96325976,
1368.7369, 0.34367402, 1.0553857,
1368.7389, 0.34408322, 1.0537093,
1368.7440, 0.34512762, 1.0214756,
1368.7444, 0.34522278, 1.0559101,
1368.7498, 0.34631715, 1.0523053,
1368.7502, 0.34640755, 1.0436897,
1368.7761, 0.35172948, 1.0428342,
1368.7765, 0.35181751, 1.0556965,
1370.7436, 0.75613931, 1.0356762,
1370.7440, 0.75622971, 1.0461534,
1370.7473, 0.75691964, 1.0582335,
1370.7478, 0.75701004, 1.0383192,
1370.7524, 0.75795690, 1.0430868,
1370.7529, 0.75805206, 1.0496783,
1370.7575, 0.75901082, 1.0542632,
1370.7580, 0.75910598, 1.0480598,
1372.7583, 0.17026041, 0.97476810,
1372.7587, 0.17035081, 0.97969377,
1372.7692, 0.17251813, 0.97639126,
1372.7697, 0.17260853, 0.97415179,
1372.7743, 0.17355539, 0.97670561,
1372.7747, 0.17364580, 0.97532600,
1372.7802, 0.17476157, 0.97871429,
1372.7806, 0.17485198, 0.97399527,
1372.7932, 0.17743800, 0.97828412,
1373.7405, 0.37215843, 1.0396373,
1373.7409, 0.37224883, 1.0418177,
1373.7424, 0.37256049, 1.0476509,
1373.7429, 0.37264613, 1.0474385,
1373.7475, 0.37359061, 1.0403178,
1373.7479, 0.37368102, 1.0430577,
1373.7525, 0.37463502, 1.0382391,
1373.7530, 0.37472542, 1.0310961,
1373.7576, 0.37566990, 1.0359154,
1373.7627, 0.37673096, 1.0518305,
1373.7632, 0.37682136, 1.0510352,
1373.7686, 0.37792762, 1.0387365,
1373.7690, 0.37801802, 1.0461667,
1373.7736, 0.37895775, 1.0388178,
1373.7740, 0.37904815, 1.0403234,
1373.7812, 0.38051840, 1.0397904,
1373.7816, 0.38060881, 1.0389183,
1373.7872, 0.38176027, 1.0327222,
1373.7876, 0.38184591, 1.0330579,
1373.7932, 0.38300213, 1.0359730,
1373.7937, 0.38309729, 1.0379156,
1373.7994, 0.38427492, 1.0324045,
1373.7999, 0.38437009, 1.0358657,
1373.8055, 0.38552868, 1.0334202,
1373.8060, 0.38562384, 1.0310094,
1373.8116, 0.38678244, 1.0358592,
1373.8121, 0.38687285, 1.0319426,
1373.8184, 0.38816467, 1.0305904,
1373.8188, 0.38825745, 1.0248928,
1373.8252, 0.38957782, 1.0264647,
1373.8257, 0.38966585, 1.0216064,
1373.8323, 0.39102904, 1.0285274,
1373.8328, 0.39112421, 1.0287607,
1373.8402, 0.39264680, 1.0249548,
1373.8473, 0.39411229, 1.0257713,
1373.8477, 0.39420270, 1.0253208,
1378.7413, 0.40006948, 1.0388663,
1378.7417, 0.40015988, 1.0317359,
1378.7453, 0.40090215, 1.0489073,
1378.7501, 0.40187994, 1.0504502,
1378.7505, 0.40197034, 1.0671183,
1378.7541, 0.40270547, 1.0414475,
1378.7545, 0.40279587, 1.0281034,
1378.7581, 0.40353813, 1.0398881,
1378.7586, 0.40362854, 1.0431541,
1378.7646, 0.40486088, 1.0644250,
1378.7700, 0.40596714, 1.0848570,
1378.7704, 0.40605755, 1.0524703,
1378.7750, 0.40700441, 1.0706004,
1378.7805, 0.40812970, 1.0088245,
1379.7595, 0.60936872, 0.98290676,
1379.7600, 0.60946626, 0.95976710,
1379.7705, 0.61161930, 0.98375452,
1379.7709, 0.61170970, 1.0128456,
1379.7807, 0.61371762, 0.97674865,
1379.7811, 0.61380802, 0.98026216,
1379.7857, 0.61475964, 0.97289848,
1379.7862, 0.61485005, 0.97516388,
1379.7908, 0.61580404, 0.97522038,
1379.7912, 0.61589207, 0.97426736,
1379.7958, 0.61683417, 0.97563124,
1379.7963, 0.61692933, 0.97493565,
1379.8019, 0.61808079, 0.98531157,
1379.8024, 0.61817596, 0.98628825,
1379.8078, 0.61929173, 0.98417938,
1379.8082, 0.61938451, 0.98478651,
1379.8139, 0.62055738, 0.98019361,
1379.8144, 0.62065255, 0.97632527,
1379.8208, 0.62196340, 0.97954565,
1379.8212, 0.62205381, 0.97945732,
1379.8270, 0.62323619, 0.97891939,
1379.8274, 0.62332660, 0.98332006,
1379.8331, 0.62448519, 0.97752619,
1379.8335, 0.62457560, 0.98182106,
1379.8392, 0.62574371, 0.98279494,
1379.8396, 0.62583649, 0.97875994,
1379.8470, 0.62734481, 0.97885418,
1379.8474, 0.62743522, 0.98442447,
1379.8531, 0.62861047, 0.98560625,
1379.8536, 0.62870087, 0.98320222,
1379.8663, 0.63132020, 0.98099709,
1379.8668, 0.63141299, 0.98101580,
1379.8735, 0.63279046, 0.98166627,
1379.8739, 0.63288086, 0.98270553,
1379.8806, 0.63426785, 0.98464751,
1379.8811, 0.63435825, 0.98337513,
1379.8901, 0.63620439, 0.98003894,
1379.8905, 0.63629955, 0.98662502,
1379.8972, 0.63766989, 0.98742861,
1379.8976, 0.63776029, 0.98936373,
1380.8276, 0.82892166, 1.0378288,
1380.8281, 0.82901206, 1.0404795,
1380.8338, 0.83018969, 1.0363277,
1380.8342, 0.83028009, 1.0434833,
1380.8409, 0.83164805, 1.0314832,
1380.8413, 0.83173845, 1.0331081,
1380.8477, 0.83303741, 1.0348042,
1380.8481, 0.83313019, 1.0386956,
1380.8537, 0.83428403, 1.0401506,
1380.8542, 0.83437206, 1.0341170,
1380.8609, 0.83575428, 1.0415157,
1380.8613, 0.83583993, 1.0399274,
1380.8680, 0.83721264, 1.0403703,
1380.8684, 0.83729829, 1.0398480,
1380.8750, 0.83866624, 1.0325557,
1380.8755, 0.83875664, 1.0297264,
1380.8831, 0.84031254, 1.0338620,
1380.8835, 0.84040295, 1.0354894,
1380.8917, 0.84209207, 1.0234506,
1380.8922, 0.84218723, 1.0399852,
1380.8989, 0.84357898, 1.0342929,
1380.8994, 0.84367414, 1.0366830,
1380.9061, 0.84504209, 1.0265507,
1380.9065, 0.84513250, 1.0287753,
1381.8096, 0.030755436, 0.94707578,
1381.8100, 0.030845840, 0.95649630,
1381.8134, 0.031540522, 0.94232887,
1381.8138, 0.031626168, 0.94345760,
1381.8184, 0.032577787, 0.93886858,
1381.8189, 0.032668191, 0.93743736,
1381.8245, 0.033831546, 0.94292539,
1381.8250, 0.033921950, 0.93879241,
1381.8306, 0.035073410, 0.93747526,
1381.8310, 0.035168572, 0.93855929,
1381.8376, 0.036519872, 0.93325442,
1381.8380, 0.036610276, 0.93675613,
1381.8445, 0.037928269, 0.94027311,
1381.8449, 0.038023431, 0.93527007,
1381.8506, 0.039182028, 0.93450290,
1381.8510, 0.039270053, 0.93391454,
1381.8567, 0.040447682, 0.93386644,
1381.8572, 0.040538086, 0.93957722,
1381.8638, 0.041910798, 0.93419778,
1381.8643, 0.042001202, 0.93114030,
1381.8710, 0.043392945, 0.93834627,
1381.8715, 0.043483349, 0.92955947,
1381.8790, 0.045024973, 0.93781489,
1381.8794, 0.045115377, 0.93917257,
1381.8877, 0.046809260, 0.93077791,
1381.8881, 0.046902043, 0.93449718,
1381.8949, 0.048289029, 0.93215227,
1381.8953, 0.048379433, 0.92967898,
1381.9020, 0.049747386, 0.92821234,
1381.9024, 0.049837790, 0.93366337,
1382.7439, 0.22279943, 1.0072429,
1382.7443, 0.22289459, 1.0092673,
1382.7479, 0.22363210, 1.0106441,
1382.7483, 0.22372012, 1.0071962,
1382.7545, 0.22499291, 1.0092641,
1382.7550, 0.22508332, 1.0073720,
1382.7595, 0.22602542, 1.0068214,
1382.7600, 0.22611820, 1.0087605,
1382.7646, 0.22706031, 1.0053196,
1382.7650, 0.22715071, 1.0025184,
1382.7696, 0.22809043, 1.0083197,
1382.7700, 0.22818084, 1.0076475,